target,model,mean_n,mean_RMSE,std_RMSE,mean_MAE,std_MAE,mean_R2,std_R2
ICLN_target,linear_regression,231.0,0.021452866832443854,0.007432624108917738,0.015337397756521038,0.003925994013259806,-0.2961041184876734,0.3606797967507363
ICLN_target,naive,231.0,0.019444909527811895,0.007016276403563604,0.01415072003326005,0.004420469052424258,-0.006826210249662079,0.006721640883237265
ICLN_target,random_forest,231.0,0.019881056600529856,0.007110886033440156,0.014522289858220527,0.0045521002444507954,-0.0552993099283924,0.016247121365438433
XLE_target,linear_regression,231.0,0.024926277537904516,0.010035186332776745,0.01804182335814148,0.005346382681542809,-0.34256516850987573,0.30966017314324484
XLE_target,naive,231.0,0.02213528274104218,0.009947028597712978,0.016151513019392966,0.005542994912190607,-0.004988817383143518,0.005878196421602199
XLE_target,random_forest,231.0,0.023990389013950203,0.010298856317592064,0.017259051813793898,0.005888588922312499,-0.1920961553216046,0.1808180491717707
