target,model,RMSE,MAE,R2
ICLN_target,linreg,0.016351230603178186,0.012442768618422332,-0.05715084579017127
ICLN_target,naive,0.015938284747075687,0.012119466870255948,-0.00442898701069061
ICLN_target,rf,0.016195420070865375,0.012170960480489995,-0.03709970028472909
XLE_target,linreg,0.012148481689247441,0.009586523031290437,-0.09620727392026107
XLE_target,naive,0.011603154122173012,0.008957122283903985,-1.8293996042473282e-06
XLE_target,rf,0.01270975450284938,0.009676375813697636,-0.199839061525652
