lag,WTI,XLE,ICLN
-3,-0.001616465759557629,-0.002805285241191641,-4.055262041419069e-05
-2,-0.006690486096165204,-0.0035636576334730813,-0.0006300519659105774
-1,0.0012916676514479102,-0.00033048918624011084,-0.0009835091175696281
0,-0.0024149071373273157,-0.0011575193859439852,-0.0008669132258142375
1,0.004046758863739341,0.0007391343761838364,0.0013117785645000836
2,0.004642731376692604,0.0021288047264555027,0.0005379271641786155
3,-0.00012383987443212617,0.0019065960128061838,-0.0008720508576739405
